id;title__en;description__en;icon;tags;props__url;props__scheme;props__osi_approved
0BSD;BSD Zero Clause License;;;all;http://landley.net/toybox/license.html;spdx;y
Abstyles;Abstyles License;;;all;https://fedoraproject.org/wiki/Licensing/Abstyles;spdx;y
Adobe-2006;Adobe Systems Incorporated Source Code License Agreement;;;all;https://fedoraproject.org/wiki/Licensing/AdobeLicense;spdx;y
Adobe-Glyph;Adobe Glyph List License;;;all;https://fedoraproject.org/wiki/Licensing/MIT#AdobeGlyph;spdx;y
ADSL;Amazon Digital Services License;;;all;https://fedoraproject.org/wiki/Licensing/AmazonDigitalServicesLicense;spdx;y
AFL-1.1;Academic Free License v1.1;;;all;http://wayback.archive.org/web/20021004124254/http://www.opensource.org/licenses/academic.php;spdx;y
AFL-1.2;Academic Free License v1.2;;;all;http://wayback.archive.org/web/20021204204652/http://www.opensource.org/licenses/academic.php;spdx;y
AFL-2.0;Academic Free License v2.0;;;all;http://wayback.archive.org/web/20060924134533/http://www.opensource.org/licenses/afl-2.0.txt;spdx;y
AFL-2.1;Academic Free License v2.1;;;all;http://opensource.linux-mirror.org/licenses/afl-2.1.txt;spdx;y
AFL-3.0;Academic Free License v3.0;;;all;https://opensource.org/licenses/afl-3.0;spdx;y
Afmparse;Afmparse License;;;all;https://fedoraproject.org/wiki/Licensing/Afmparse;spdx;y
Against-DRM;Against DRM;;;all;https://opendefinition.org/licenses/against-drm;spdx;y
AGPL-1.0;Affero General Public License v1.0;;;all;http://www.affero.org/oagpl.html;spdx;y
AGPL-1.0-only;Affero General Public License v1.0 only;;;all;http://www.affero.org/oagpl.html;spdx;y
AGPL-1.0-or-later;Affero General Public License v1.0 or later;;;all;http://www.affero.org/oagpl.html;spdx;y
AGPL-3.0-only;GNU Affero General Public License v3.0 only;;;all;https://opensource.org/licenses/AGPL-3.0;spdx;y
AGPL-3.0-or-later;GNU Affero General Public License v3.0 or later;;;all;https://opensource.org/licenses/AGPL-3.0;spdx;y
AGPL-3.0;GNU Affero General Public License v3.0;;;all;https://opensource.org/licenses/AGPL-3.0;spdx;y
Aladdin;Aladdin Free Public License;;;all;http://pages.cs.wisc.edu/~ghost/doc/AFPL/6.01/Public.htm;spdx;y
AMDPLPA;AMD's plpa_map.c License;;;all;https://fedoraproject.org/wiki/Licensing/AMD_plpa_map_License;spdx;y
AML;Apple MIT License;;;all;https://fedoraproject.org/wiki/Licensing/Apple_MIT_License;spdx;y
AMPAS;Academy of Motion Picture Arts and Sciences BSD;;;all;https://fedoraproject.org/wiki/Licensing/BSD#AMPASBSD;spdx;y
ANTLR-PD;ANTLR Software Rights Notice;;;all;http://www.antlr2.org/license.html;spdx;y
ANTLR-PD-fallback;ANTLR Software Rights Notice with license fallback;;;all;http://www.antlr2.org/license.html;spdx;y
Apache-1.0;Apache License 1.0;;;all;http://www.apache.org/licenses/LICENSE-1.0;spdx;y
Apache-1.1;Apache License 1.1;;;all;https://opensource.org/licenses/Apache-1.1;spdx;y
Apache-2.0;Apache License 2.0;A permissive license whose main conditions require preservation of copyright and license notices. Contributors provide an express grant of patent rights. Licensed works, modifications, and larger works may be distributed under different terms and without source code.;;recommended,all,software;https://opensource.org/licenses/Apache-2.0;spdx;y
APAFML;Adobe Postscript AFM License;;;all;https://fedoraproject.org/wiki/Licensing/AdobePostscriptAFM;spdx;y
APL-1.0;Adaptive Public License 1.0;;;all;https://opensource.org/licenses/APL-1.0;spdx;y
APSL-1.0;Apple Public Source License 1.0;;;all;https://fedoraproject.org/wiki/Licensing/Apple_Public_Source_License_1.0;spdx;y
APSL-1.1;Apple Public Source License 1.1;;;all;http://www.opensource.apple.com/source/IOSerialFamily/IOSerialFamily-7/APPLE_LICENSE;spdx;y
APSL-1.2;Apple Public Source License 1.2;;;all;http://www.samurajdata.se/opensource/mirror/licenses/apsl.php;spdx;y
APSL-2.0;Apple Public Source License 2.0;;;all;http://www.opensource.apple.com/license/apsl/;spdx;y
Artistic-1.0;Artistic License 1.0;;;all;https://opensource.org/licenses/Artistic-1.0;spdx;y
Artistic-1.0-cl8;Artistic License 1.0 w/clause 8;;;all;https://opensource.org/licenses/Artistic-1.0;spdx;y
Artistic-1.0-Perl;Artistic License 1.0 (Perl);;;all;http://dev.perl.org/licenses/artistic.html;spdx;y
Artistic-2.0;Artistic License 2.0;;;all;https://opensource.org/licenses/artistic-license-2.0;spdx;y
AAL;Attribution Assurance License;;;all;https://opensource.org/licenses/attribution;spdx;y
Bahyph;Bahyph License;;;all;https://fedoraproject.org/wiki/Licensing/Bahyph;spdx;y
Barr;Barr License;;;all;https://fedoraproject.org/wiki/Licensing/Barr;spdx;y
Beerware;Beerware License;;;all;https://people.freebsd.org/~phk/;spdx;y
BitTorrent-1.0;BitTorrent Open Source License v1.0;;;all;http://sources.gentoo.org/cgi-bin/viewvc.cgi/gentoo-x86/licenses/BitTorrent?r1=1.1&r2=1.1.1.1&diff_format=s;spdx;y
BitTorrent-1.1;BitTorrent Open Source License v1.1;;;all;http://directory.fsf.org/wiki/License:BitTorrentOSL1.1;spdx;y
blessing;SQLite Blessing;;;all;https://sqlite.org/src/artifact/df5091916dbb40e6;spdx;y
BlueOak-1.0.0;Blue Oak Model License 1.0.0;;;all;https://blueoakcouncil.org/license/1.0.0;spdx;y
Borceux;Borceux license;;;all;https://fedoraproject.org/wiki/Licensing/Borceux;spdx;y
BSD-1-Clause;BSD 1-Clause License;;;all;https://svnweb.freebsd.org/base/head/include/ifaddrs.h?revision=326823;spdx;y
BSD-2-Clause;BSD 2-Clause "Simplified" License;;;all;https://opensource.org/licenses/BSD-2-Clause;spdx;y
BSD-2-Clause-FreeBSD;BSD 2-Clause FreeBSD License;;;all;http://www.freebsd.org/copyright/freebsd-license.html;spdx;y
BSD-2-Clause-NetBSD;BSD 2-Clause NetBSD License;;;all;http://www.netbsd.org/about/redistribution.html#default;spdx;y
BSD-2-Clause-Patent;BSD-2-Clause Plus Patent License;;;all;https://opensource.org/licenses/BSDplusPatent;spdx;y
BSD-2-Clause-Views;BSD 2-Clause with views sentence;;;all;https://github.com/protegeproject/protege/blob/master/license.txt;spdx;y
BSD-3-Clause;BSD 3-Clause "New" or "Revised" License;;;all;https://opensource.org/licenses/BSD-3-Clause;spdx;y
BSD-3-Clause-Attribution;BSD with attribution;;;all;https://fedoraproject.org/wiki/Licensing/BSD_with_Attribution;spdx;y
BSD-3-Clause-Clear;BSD 3-Clause Clear License;;;all;http://labs.metacarta.com/license-explanation.html#license;spdx;y
BSD-3-Clause-LBNL;Lawrence Berkeley National Labs BSD variant license;;;all;https://fedoraproject.org/wiki/Licensing/LBNLBSD;spdx;y
BSD-3-Clause-Modification;BSD 3-Clause Modification;;;all;https://fedoraproject.org/wiki/Licensing:BSD#Modification_Variant;spdx;y
BSD-3-Clause-No-Military-License;BSD 3-Clause No Military License;;;all;https://github.com/greymass/swift-eosio/blob/master/LICENSE;spdx;y
BSD-3-Clause-No-Nuclear-License;BSD 3-Clause No Nuclear License;;;all;http://download.oracle.com/otn-pub/java/licenses/bsd.txt?AuthParam=1467140197_43d516ce1776bd08a58235a7785be1cc;spdx;y
BSD-3-Clause-No-Nuclear-License-2014;BSD 3-Clause No Nuclear License 2014;;;all;https://java.net/projects/javaeetutorial/pages/BerkeleyLicense;spdx;y
BSD-3-Clause-No-Nuclear-Warranty;BSD 3-Clause No Nuclear Warranty;;;all;https://jogamp.org/git/?p=gluegen.git;a=blob_plain;f=LICENSE.txt;spdx;y
BSD-3-Clause-Open-MPI;BSD 3-Clause Open MPI variant;;;all;http://www.netlib.org/lapack/LICENSE.txt;spdx;y
BSD-4-Clause;BSD 4-Clause "Original" or "Old" License;;;all;http://directory.fsf.org/wiki/License:BSD_4Clause;spdx;y
BSD-4-Clause-Shortened;BSD 4 Clause Shortened;;;all;https://metadata.ftp-master.debian.org/changelogs//main/a/arpwatch/arpwatch_2.1a15-7_copyright;spdx;y
BSD-4-Clause-UC;BSD-4-Clause (University of California-Specific);;;all;http://www.freebsd.org/copyright/license.html;spdx;y
BSD-Protection;BSD Protection License;;;all;https://fedoraproject.org/wiki/Licensing/BSD_Protection_License;spdx;y
BSD-Source-Code;BSD Source Code Attribution;;;all;https://github.com/robbiehanson/CocoaHTTPServer/blob/master/LICENSE.txt;spdx;y
BSL-1.0;Boost Software License 1.0;;;all;https://opensource.org/licenses/BSL-1.0;spdx;y
BUSL-1.1;Business Source License 1.1;;;all;https://mariadb.com/bsl11/;spdx;y
bzip2-1.0.5;bzip2 and libbzip2 License v1.0.5;;;all;http://bzip.org/1.0.5/bzip2-manual-1.0.5.html;spdx;y
bzip2-1.0.6;bzip2 and libbzip2 License v1.0.6;;;all;http://bzip.org/1.0.5/bzip2-manual-1.0.5.html;spdx;y
CAL-1.0;Cryptographic Autonomy License 1.0;;;all;https://opensource.org/licenses/CAL-1.0;spdx;y
CAL-1.0-Combined-Work-Exception;Cryptographic Autonomy License 1.0 (Combined Work Exception);;;all;https://opensource.org/licenses/CAL-1.0;spdx;y
Caldera;Caldera License;;;all;http://www.lemis.com/grog/UNIX/ancient-source-all.pdf;spdx;y
CATOSL-1.1;Computer Associates Trusted Open Source License 1.1;;;all;https://opensource.org/licenses/CATOSL-1.1;spdx;y
CC-BY-1.0;Creative Commons Attribution 1.0 Generic;;;all;https://creativecommons.org/licenses/by/1.0/legalcode;spdx;y
CC-BY-2.0;Creative Commons Attribution 2.0 Generic;;;all;https://creativecommons.org/licenses/by/2.0/legalcode;spdx;y
CC-BY-2.5;Creative Commons Attribution 2.5 Generic;;;all;https://creativecommons.org/licenses/by/2.5/legalcode;spdx;y
CC-BY-2.5-AU;Creative Commons Attribution 2.5 Australia;;;all;https://creativecommons.org/licenses/by/2.5/au/legalcode;spdx;y
CC-BY-3.0;Creative Commons Attribution 3.0 Unported;;;all;https://creativecommons.org/licenses/by/3.0/legalcode;spdx;y
CC-BY-3.0-AT;Creative Commons Attribution 3.0 Austria;;;all;https://creativecommons.org/licenses/by/3.0/at/legalcode;spdx;y
CC-BY-3.0-DE;Creative Commons Attribution 3.0 Germany;;;all;https://creativecommons.org/licenses/by/3.0/de/legalcode;spdx;y
CC-BY-3.0-NL;Creative Commons Attribution 3.0 Netherlands;;;all;https://creativecommons.org/licenses/by/3.0/nl/legalcode;spdx;y
CC-BY-3.0-US;Creative Commons Attribution 3.0 United States;;;all;https://creativecommons.org/licenses/by/3.0/us/legalcode;spdx;y
CC-BY-4.0;Creative Commons Attribution 4.0 International;The Creative Commons Attribution license allows re-distribution and re-use of a licensed work on the condition that the creator is appropriately credited.;;recommended,all,data;https://creativecommons.org/licenses/by/4.0/legalcode;spdx;y
CC-BY-NC-1.0;Creative Commons Attribution Non Commercial 1.0 Generic;;;all;https://creativecommons.org/licenses/by-nc/1.0/legalcode;spdx;y
CC-BY-NC-2.0;Creative Commons Attribution Non Commercial 2.0 Generic;;;all;https://creativecommons.org/licenses/by-nc/2.0/legalcode;spdx;y
CC-BY-NC-2.5;Creative Commons Attribution Non Commercial 2.5 Generic;;;all;https://creativecommons.org/licenses/by-nc/2.5/legalcode;spdx;y
CC-BY-NC-3.0;Creative Commons Attribution Non Commercial 3.0 Unported;;;all;https://creativecommons.org/licenses/by-nc/3.0/legalcode;spdx;y
CC-BY-NC-3.0-DE;Creative Commons Attribution Non Commercial 3.0 Germany;;;all;https://creativecommons.org/licenses/by-nc/3.0/de/legalcode;spdx;y
CC-BY-NC-4.0;Creative Commons Attribution Non Commercial 4.0 International;;;all;https://creativecommons.org/licenses/by-nc/4.0/legalcode;spdx;y
CC-BY-NC-ND-1.0;Creative Commons Attribution Non Commercial No Derivatives 1.0 Generic;;;all;https://creativecommons.org/licenses/by-nd-nc/1.0/legalcode;spdx;y
CC-BY-NC-ND-2.0;Creative Commons Attribution Non Commercial No Derivatives 2.0 Generic;;;all;https://creativecommons.org/licenses/by-nc-nd/2.0/legalcode;spdx;y
CC-BY-NC-ND-2.5;Creative Commons Attribution Non Commercial No Derivatives 2.5 Generic;;;all;https://creativecommons.org/licenses/by-nc-nd/2.5/legalcode;spdx;y
CC-BY-NC-ND-3.0;Creative Commons Attribution Non Commercial No Derivatives 3.0 Unported;;;all;https://creativecommons.org/licenses/by-nc-nd/3.0/legalcode;spdx;y
CC-BY-NC-ND-3.0-DE;Creative Commons Attribution Non Commercial No Derivatives 3.0 Germany;;;all;https://creativecommons.org/licenses/by-nc-nd/3.0/de/legalcode;spdx;y
CC-BY-NC-ND-3.0-IGO;Creative Commons Attribution Non Commercial No Derivatives 3.0 IGO;;;all;https://creativecommons.org/licenses/by-nc-nd/3.0/igo/legalcode;spdx;y
CC-BY-NC-ND-4.0;Creative Commons Attribution Non Commercial No Derivatives 4.0 International;;;all;https://creativecommons.org/licenses/by-nc-nd/4.0/legalcode;spdx;y
CC-BY-NC-SA-1.0;Creative Commons Attribution Non Commercial Share Alike 1.0 Generic;;;all;https://creativecommons.org/licenses/by-nc-sa/1.0/legalcode;spdx;y
CC-BY-NC-SA-2.0;Creative Commons Attribution Non Commercial Share Alike 2.0 Generic;;;all;https://creativecommons.org/licenses/by-nc-sa/2.0/legalcode;spdx;y
CC-BY-NC-SA-2.0-FR;Creative Commons Attribution-NonCommercial-ShareAlike 2.0 France;;;all;https://creativecommons.org/licenses/by-nc-sa/2.0/fr/legalcode;spdx;y
CC-BY-NC-SA-2.0-UK;Creative Commons Attribution Non Commercial Share Alike 2.0 England and Wales;;;all;https://creativecommons.org/licenses/by-nc-sa/2.0/uk/legalcode;spdx;y
CC-BY-NC-SA-2.5;Creative Commons Attribution Non Commercial Share Alike 2.5 Generic;;;all;https://creativecommons.org/licenses/by-nc-sa/2.5/legalcode;spdx;y
CC-BY-NC-SA-3.0;Creative Commons Attribution Non Commercial Share Alike 3.0 Unported;;;all;https://creativecommons.org/licenses/by-nc-sa/3.0/legalcode;spdx;y
CC-BY-NC-SA-3.0-DE;Creative Commons Attribution Non Commercial Share Alike 3.0 Germany;;;all;https://creativecommons.org/licenses/by-nc-sa/3.0/de/legalcode;spdx;y
CC-BY-NC-SA-3.0-IGO;Creative Commons Attribution Non Commercial Share Alike 3.0 IGO;;;all;https://creativecommons.org/licenses/by-nc-sa/3.0/igo/legalcode;spdx;y
CC-BY-NC-SA-4.0;Creative Commons Attribution Non Commercial Share Alike 4.0 International;;;all;https://creativecommons.org/licenses/by-nc-sa/4.0/legalcode;spdx;y
CC-BY-ND-1.0;Creative Commons Attribution No Derivatives 1.0 Generic;;;all;https://creativecommons.org/licenses/by-nd/1.0/legalcode;spdx;y
CC-BY-ND-2.0;Creative Commons Attribution No Derivatives 2.0 Generic;;;all;https://creativecommons.org/licenses/by-nd/2.0/legalcode;spdx;y
CC-BY-ND-2.5;Creative Commons Attribution No Derivatives 2.5 Generic;;;all;https://creativecommons.org/licenses/by-nd/2.5/legalcode;spdx;y
CC-BY-ND-3.0;Creative Commons Attribution No Derivatives 3.0 Unported;;;all;https://creativecommons.org/licenses/by-nd/3.0/legalcode;spdx;y
CC-BY-ND-3.0-DE;Creative Commons Attribution No Derivatives 3.0 Germany;;;all;https://creativecommons.org/licenses/by-nd/3.0/de/legalcode;spdx;y
CC-BY-ND-4.0;Creative Commons Attribution No Derivatives 4.0 International;;;all;https://creativecommons.org/licenses/by-nd/4.0/legalcode;spdx;y
CC-BY-SA-1.0;Creative Commons Attribution Share Alike 1.0 Generic;;;all;https://creativecommons.org/licenses/by-sa/1.0/legalcode;spdx;y
CC-BY-SA-2.0;Creative Commons Attribution Share Alike 2.0 Generic;;;all;https://creativecommons.org/licenses/by-sa/2.0/legalcode;spdx;y
CC-BY-SA-2.0-UK;Creative Commons Attribution Share Alike 2.0 England and Wales;;;all;https://creativecommons.org/licenses/by-sa/2.0/uk/legalcode;spdx;y
CC-BY-SA-2.1-JP;Creative Commons Attribution Share Alike 2.1 Japan;;;all;https://creativecommons.org/licenses/by-sa/2.1/jp/legalcode;spdx;y
CC-BY-SA-2.5;Creative Commons Attribution Share Alike 2.5 Generic;;;all;https://creativecommons.org/licenses/by-sa/2.5/legalcode;spdx;y
CC-BY-SA-3.0;Creative Commons Attribution Share Alike 3.0 Unported;;;all;https://creativecommons.org/licenses/by-sa/3.0/legalcode;spdx;y
CC-BY-SA-3.0-AT;Creative Commons Attribution Share Alike 3.0 Austria;;;all;https://creativecommons.org/licenses/by-sa/3.0/at/legalcode;spdx;y
CC-BY-SA-3.0-DE;Creative Commons Attribution Share Alike 3.0 Germany;;;all;https://creativecommons.org/licenses/by-sa/3.0/de/legalcode;spdx;y
CC-BY-SA-4.0;Creative Commons Attribution Share Alike 4.0 International;Permits almost any use subject to providing credit and license notice. Frequently used for media assets and educational materials. The most common license for Open Access scientific publications. Not recommended for software.;;all;https://creativecommons.org/licenses/by-sa/4.0/legalcode;spdx;y
CC-PDDC;Creative Commons Public Domain Dedication and Certification;;;all;https://creativecommons.org/licenses/publicdomain/;spdx;y
CC0-1.0;Creative Commons Zero v1.0 Universal;CC0 waives copyright interest in a work you've created and dedicates it to the world-wide public domain. Use CC0 to opt out of copyright entirely and ensure your work has the widest reach.;;all;https://creativecommons.org/publicdomain/zero/1.0/legalcode;spdx;y
CDDL-1.0;Common Development and Distribution License 1.0;;;all;https://opensource.org/licenses/cddl1;spdx;y
CDDL-1.1;Common Development and Distribution License 1.1;;;all;https://javaee.github.io/glassfish/LICENSE;spdx;y
CDL-1.0;Common Documentation License 1.0;;;all;https://www.gnu.org/licenses/license-list.html#ACDL;spdx;y
CDLA-Permissive-1.0;Community Data License Agreement Permissive 1.0;;;all;https://cdla.io/permissive-1-0;spdx;y
CDLA-Permissive-2.0;Community Data License Agreement Permissive 2.0;;;all;https://cdla.dev/permissive-2-0;spdx;y
CDLA-Sharing-1.0;Community Data License Agreement Sharing 1.0;;;all;https://cdla.io/sharing-1-0;spdx;y
CECILL-1.0;CeCILL Free Software License Agreement v1.0;;;all;http://www.cecill.info/licences/Licence_CeCILL_V1-fr.html;spdx;y
CECILL-1.1;CeCILL Free Software License Agreement v1.1;;;all;http://www.cecill.info/licences/Licence_CeCILL_V1.1-US.html;spdx;y
CECILL-2.0;CeCILL Free Software License Agreement v2.0;;;all;http://www.cecill.info/licences/Licence_CeCILL_V2-en.html;spdx;y
CECILL-2.1;CeCILL Free Software License Agreement v2.1;;;all;http://www.cecill.info/licences/Licence_CeCILL_V2.1-en.html;spdx;y
CECILL-B;CeCILL-B Free Software License Agreement;;;all;http://www.cecill.info/licences/Licence_CeCILL-B_V1-en.html;spdx;y
CECILL-C;CeCILL-C Free Software License Agreement;;;all;http://www.cecill.info/licences/Licence_CeCILL-C_V1-en.html;spdx;y
CERN-OHL-1.1;CERN Open Hardware Licence v1.1;;;all;https://www.ohwr.org/project/licenses/wikis/cern-ohl-v1.1;spdx;y
CERN-OHL-1.2;CERN Open Hardware Licence v1.2;;;all;https://www.ohwr.org/project/licenses/wikis/cern-ohl-v1.2;spdx;y
CERN-OHL-P-2.0;CERN Open Hardware Licence Version 2 - Permissive;;;all;https://www.ohwr.org/project/cernohl/wikis/Documents/CERN-OHL-version-2;spdx;y
CERN-OHL-S-2.0;CERN Open Hardware Licence Version 2 - Strongly Reciprocal;;;all;https://www.ohwr.org/project/cernohl/wikis/Documents/CERN-OHL-version-2;spdx;y
CERN-OHL-W-2.0;CERN Open Hardware Licence Version 2 - Weakly Reciprocal;;;all;https://www.ohwr.org/project/cernohl/wikis/Documents/CERN-OHL-version-2;spdx;y
ClArtistic;Clarified Artistic License;;;all;http://www.ncftp.com/ncftp/doc/LICENSE.txt;spdx;y
CNRI-Jython;CNRI Jython License;;;all;http://www.jython.org/license.html;spdx;y
CNRI-Python-GPL-Compatible;CNRI Python Open Source GPL Compatible License Agreement;;;all;http://www.python.org/download/releases/1.6.1/download_win/;spdx;y
Condor-1.1;Condor Public License v1.1;;;all;http://web.archive.org/web/20111123062036/http://research.cs.wisc.edu/condor/license.html#condor;spdx;y
copyleft-next-0.3.0;copyleft-next 0.3.0;;;all;https://github.com/copyleft-next/copyleft-next/blob/master/Releases/copyleft-next-0.3.0;spdx;y
copyleft-next-0.3.1;copyleft-next 0.3.1;;;all;https://github.com/copyleft-next/copyleft-next/blob/master/Releases/copyleft-next-0.3.1;spdx;y
CPAL-1.0;Common Public Attribution License 1.0;;;all;https://opensource.org/licenses/CPAL-1.0;spdx;y
CPL-1.0;Common Public License 1.0;;;all;https://opensource.org/licenses/CPL-1.0;spdx;y
CPOL-1.02;Code Project Open License 1.02;;;all;http://www.codeproject.com/info/cpol10.aspx;spdx;y
Crossword;Crossword License;;;all;https://fedoraproject.org/wiki/Licensing/Crossword;spdx;y
CrystalStacker;CrystalStacker License;;;all;https://fedoraproject.org/wiki/Licensing:CrystalStacker?rd=Licensing/CrystalStacker;spdx;y
CUA-OPL-1.0;CUA Office Public License v1.0;;;all;https://opensource.org/licenses/CUA-OPL-1.0;spdx;y
Cube;Cube License;;;all;https://fedoraproject.org/wiki/Licensing/Cube;spdx;y
C-UDA-1.0;Computational Use of Data Agreement v1.0;;;all;https://cdla.dev/computational-use-of-data-agreement-v1-0/;spdx;y
curl;curl License;;;all;https://github.com/bagder/curl/blob/master/COPYING;spdx;y
D-FSL-1.0;Deutsche Freie Software Lizenz;;;all;https://www.hbz-nrw.de/produkte/open-access/lizenzen/dfsl/D-FSL-1_0_en.txt/at_download/file;spdx;y
diffmark;diffmark license;;;all;https://fedoraproject.org/wiki/Licensing/diffmark;spdx;y
dli-model-use;Statistics Canada: Data Liberation Initiative (DLI) - Model Data Use Licence;;;all,data;http://data.library.ubc.ca/datalib/geographic/DMTI/license.html;spdx;y
DOC;DOC License;;;all;https://www.dre.vanderbilt.edu/~schmidt/ACE-copying.html;spdx;y
Dotseqn;Dotseqn License;;;all;https://fedoraproject.org/wiki/Licensing/Dotseqn;spdx;y
DRL-1.0;Detection Rule License 1.0;;;all;https://github.com/Neo23x0/sigma/blob/master/LICENSE.Detection.Rules.md;spdx;y
DSDP;DSDP License;;;all;https://fedoraproject.org/wiki/Licensing/DSDP;spdx;y
DSL;Design Science License;;;all;https://opendefinition.org/licenses/dsl;spdx;y
dvipdfm;dvipdfm License;;;all;https://fedoraproject.org/wiki/Licensing/dvipdfm;spdx;y
ECL-1.0;Educational Community License v1.0;;;all;https://opensource.org/licenses/ECL-1.0;spdx;y
ECL-2.0;Educational Community License v2.0;;;all;https://opensource.org/licenses/ECL-2.0;spdx;y
eCos-2.0;eCos license version 2.0;;;all;https://www.gnu.org/licenses/ecos-license.html;spdx;y
EFL-1.0;Eiffel Forum License v1.0;;;all;https://opensource.org/licenses/EFL-1.0;spdx;y
eGenix;eGenix.com Public License 1.1.0;;;all;https://fedoraproject.org/wiki/Licensing/eGenix.com_Public_License_1.1.0;spdx;y
Entessa;Entessa Public License v1.0;;;all;https://opensource.org/licenses/Entessa;spdx;y
EPICS;EPICS Open License;;;all;https://epics.anl.gov/license/open.php;spdx;y
EPL-1.0;Eclipse Public License 1.0;;;all;https://opensource.org/licenses/EPL-1.0;spdx;y
EPL-2.0;Eclipse Public License 2.0;;;all;https://www.opensource.org/licenses/EPL-2.0;spdx;y
ErlPL-1.1;Erlang Public License v1.1;;;all;http://www.erlang.org/EPLICENSE;spdx;y
etalab-2.0;Etalab Open License 2.0;;;all;https://raw.githubusercontent.com/DISIC/politique-de-contribution-open-source/master/LICENSE;spdx;y
EUDatagrid;EU DataGrid Software License;;;all;https://opensource.org/licenses/EUDatagrid;spdx;y
EUPL-1.0;European Union Public License 1.0;;;all;http://ec.europa.eu/idabc/servlets/Doc027f.pdf?id=31096;spdx;y
EUPL-1.1;European Union Public License 1.1;;;all;https://opensource.org/licenses/EUPL-1.1;spdx;y
EUPL-1.2;European Union Public License 1.2;;;all;https://opensource.org/licenses/EUPL-1.2;spdx;y
Eurosym;Eurosym License;;;all;https://fedoraproject.org/wiki/Licensing/Eurosym;spdx;y
Fair;Fair License;;;all;https://opensource.org/licenses/Fair;spdx;y
FAL-1.3;Free Art License 1.3;;;all;https://opendefinition.org/licenses/fal;spdx;y
Frameworx-1.0;Frameworx Open License 1.0;;;all;https://opensource.org/licenses/Frameworx-1.0;spdx;y
FreeBSD-DOC;FreeBSD Documentation License;;;all;https://www.freebsd.org/copyright/freebsd-doc-license/;spdx;y
FreeImage;FreeImage Public License v1.0;;;all;http://freeimage.sourceforge.net/freeimage-license.txt;spdx;y
FSFAP;FSF All Permissive License;;;all;https://www.gnu.org/prep/maintain/html_node/License-Notices-for-Other-Files.html;spdx;y
FSFUL;FSF Unlimited License;;;all;https://fedoraproject.org/wiki/Licensing/FSF_Unlimited_License;spdx;y
FSFULLR;FSF Unlimited License (with License Retention);;;all;https://fedoraproject.org/wiki/Licensing/FSF_Unlimited_License#License_Retention_Variant;spdx;y
FTL;Freetype Project License;;;all;http://gitlab.freedesktop.org/freetype/freetype/-/raw/master/docs/FTL.TXT;spdx;y
GD;GD License;;;all;https://libgd.github.io/manuals/2.3.0/files/license-txt.html;spdx;y
geogratis;Geogratis;;;all,data;http://geogratis.gc.ca/geogratis/licenceGG;spdx;y
GFDL-1.1;GNU Free Documentation License v1.1;;;all;https://www.gnu.org/licenses/old-licenses/fdl-1.1.txt;spdx;y
GFDL-1.1-invariants-only;GNU Free Documentation License v1.1 only - invariants;;;all;https://www.gnu.org/licenses/old-licenses/fdl-1.1.txt;spdx;y
GFDL-1.1-invariants-or-later;GNU Free Documentation License v1.1 or later - invariants;;;all;https://www.gnu.org/licenses/old-licenses/fdl-1.1.txt;spdx;y
GFDL-1.1-no-invariants-only;GNU Free Documentation License v1.1 only - no invariants;;;all;https://www.gnu.org/licenses/old-licenses/fdl-1.1.txt;spdx;y
GFDL-1.1-no-invariants-or-later;GNU Free Documentation License v1.1 or later - no invariants;;;all;https://www.gnu.org/licenses/old-licenses/fdl-1.1.txt;spdx;y
GFDL-1.1-only;GNU Free Documentation License v1.1 only;;;all;https://www.gnu.org/licenses/old-licenses/fdl-1.1.txt;spdx;y
GFDL-1.1-or-later;GNU Free Documentation License v1.1 or later;;;all;https://www.gnu.org/licenses/old-licenses/fdl-1.1.txt;spdx;y
GFDL-1.2;GNU Free Documentation License v1.2;;;all;https://www.gnu.org/licenses/old-licenses/fdl-1.2.txt;spdx;y
GFDL-1.2-invariants-only;GNU Free Documentation License v1.2 only - invariants;;;all;https://www.gnu.org/licenses/old-licenses/fdl-1.2.txt;spdx;y
GFDL-1.2-invariants-or-later;GNU Free Documentation License v1.2 or later - invariants;;;all;https://www.gnu.org/licenses/old-licenses/fdl-1.2.txt;spdx;y
GFDL-1.2-no-invariants-only;GNU Free Documentation License v1.2 only - no invariants;;;all;https://www.gnu.org/licenses/old-licenses/fdl-1.2.txt;spdx;y
GFDL-1.2-no-invariants-or-later;GNU Free Documentation License v1.2 or later - no invariants;;;all;https://www.gnu.org/licenses/old-licenses/fdl-1.2.txt;spdx;y
GFDL-1.2-only;GNU Free Documentation License v1.2 only;;;all;https://www.gnu.org/licenses/old-licenses/fdl-1.2.txt;spdx;y
GFDL-1.2-or-later;GNU Free Documentation License v1.2 or later;;;all;https://www.gnu.org/licenses/old-licenses/fdl-1.2.txt;spdx;y
GFDL-1.3;GNU Free Documentation License v1.3;;;all;https://www.gnu.org/licenses/fdl-1.3.txt;spdx;y
GFDL-1.3-invariants-only;GNU Free Documentation License v1.3 only - invariants;;;all;https://www.gnu.org/licenses/fdl-1.3.txt;spdx;y
GFDL-1.3-invariants-or-later;GNU Free Documentation License v1.3 or later - invariants;;;all;https://www.gnu.org/licenses/fdl-1.3.txt;spdx;y
GFDL-1.3-no-cover-texts-no-invariant-sections;GNU Free Documentation License 1.3 with no cover texts and no invariant sections;;;all;https://opendefinition.org/licenses/gfdl;spdx;y
GFDL-1.3-no-invariants-only;GNU Free Documentation License v1.3 only - no invariants;;;all;https://www.gnu.org/licenses/fdl-1.3.txt;spdx;y
GFDL-1.3-no-invariants-or-later;GNU Free Documentation License v1.3 or later - no invariants;;;all;https://www.gnu.org/licenses/fdl-1.3.txt;spdx;y
GFDL-1.3-only;GNU Free Documentation License v1.3 only;;;all;https://www.gnu.org/licenses/fdl-1.3.txt;spdx;y
GFDL-1.3-or-later;GNU Free Documentation License v1.3 or later;;;all;https://www.gnu.org/licenses/fdl-1.3.txt;spdx;y
Giftware;Giftware License;;;all;http://liballeg.org/license.html#allegro-4-the-giftware-license;spdx;y
GL2PS;GL2PS License;;;all;http://www.geuz.org/gl2ps/COPYING.GL2PS;spdx;y
Glide;3dfx Glide License;;;all;http://www.users.on.net/~triforce/glidexp/COPYING.txt;spdx;y
Glulxe;Glulxe License;;;all;https://fedoraproject.org/wiki/Licensing/Glulxe;spdx;y
GLWTPL;Good Luck With That Public License;;;all;https://github.com/me-shaon/GLWTPL/commit/da5f6bc734095efbacb442c0b31e33a65b9d6e85;spdx;y
gnuplot;gnuplot License;;;all;https://fedoraproject.org/wiki/Licensing/Gnuplot;spdx;y
GPL-1.0;GNU General Public License v1.0 only;;;all;https://www.gnu.org/licenses/old-licenses/gpl-1.0-standalone.html;spdx;y
GPL-1.0+;GNU General Public License v1.0 or later;;;all;https://www.gnu.org/licenses/old-licenses/gpl-1.0-standalone.html;spdx;y
GPL-1.0-only;GNU General Public License v1.0 only;;;all;https://www.gnu.org/licenses/old-licenses/gpl-1.0-standalone.html;spdx;y
GPL-1.0-or-later;GNU General Public License v1.0 or later;;;all;https://www.gnu.org/licenses/old-licenses/gpl-1.0-standalone.html;spdx;y
GPL-2.0;GNU General Public License v2.0 only;;;all;https://opensource.org/licenses/GPL-2.0;spdx;y
GPL-2.0+;GNU General Public License v2.0 or later;;;all;https://opensource.org/licenses/GPL-2.0;spdx;y
GPL-2.0-only;GNU General Public License v2.0 only;;;all;https://opensource.org/licenses/GPL-2.0;spdx;y
GPL-2.0-or-later;GNU General Public License v2.0 or later;;;all;https://opensource.org/licenses/GPL-2.0;spdx;y
GPL-2.0-with-autoconf-exception;GNU General Public License v2.0 w/Autoconf exception;;;all;http://ac-archive.sourceforge.net/doc/copyright.html;spdx;y
GPL-2.0-with-bison-exception;GNU General Public License v2.0 w/Bison exception;;;all;http://git.savannah.gnu.org/cgit/bison.git/tree/data/yacc.c?id=193d7c7054ba7197b0789e14965b739162319b5e#n141;spdx;y
GPL-2.0-with-classpath-exception;GNU General Public License v2.0 w/Classpath exception;;;all;https://www.gnu.org/software/classpath/license.html;spdx;y
GPL-2.0-with-font-exception;GNU General Public License v2.0 w/Font exception;;;all;https://www.gnu.org/licenses/gpl-faq.html#FontException;spdx;y
GPL-2.0-with-GCC-exception;GNU General Public License v2.0 w/GCC Runtime Library exception;;;all;https://gcc.gnu.org/git/?p=gcc.git;a=blob;f=gcc/libgcc1.c;h=762f5143fc6eed57b6797c82710f3538aa52b40b;hb=cb143a3ce4fb417c68f5fa2691a1b1b1053dfba9#l10;spdx;y
GPL-3.0;GNU General Public License v3.0 only;;;all;https://opensource.org/licenses/GPL-3.0;spdx;y
GPL-3.0+;GNU General Public License v3.0 or later;;;all;https://opensource.org/licenses/GPL-3.0;spdx;y
GPL-3.0-only;GNU General Public License v3.0 only;;;all;https://opensource.org/licenses/GPL-3.0;spdx;y
GPL-3.0-or-later;GNU General Public License v3.0 or later;Permissions of this strong copyleft license are conditioned on making available complete source code of licensed works and modifications, which include larger works using a licensed work, under the same license. Copyright and license notices must be preserved. Contributors provide an express grant of patent rights.;;all;https://opensource.org/licenses/GPL-3.0;spdx;y
GPL-3.0-with-autoconf-exception;GNU General Public License v3.0 w/Autoconf exception;;;all;https://www.gnu.org/licenses/autoconf-exception-3.0.html;spdx;y
GPL-3.0-with-GCC-exception;GNU General Public License v3.0 w/GCC Runtime Library exception;;;all;https://www.gnu.org/licenses/gcc-exception-3.1.html;spdx;y
gSOAP-1.3b;gSOAP Public License v1.3b;;;all;http://www.cs.fsu.edu/~engelen/license.html;spdx;y
HaskellReport;Haskell Language Report License;;;all;https://fedoraproject.org/wiki/Licensing/Haskell_Language_Report_License;spdx;y
hesa-withrights;Higher Education Statistics Agency Copyright with data.gov.uk rights;;;all;https://web.archive.org/web/20131009082944/http://www.hesa.ac.uk/index.php?option=com_content&task=view&id=2619&Itemid=209;spdx;y
geo-no-fee-unrestricted;No Fee Unrestricted Use License Agreement For Government Geographic Data (Canada);;;all;http://www4.agr.gc.ca/AAFC-AAC/display-afficher.do?id=1226945498401&lang=eng;spdx;y
lucent-plan9;Lucent Public License (Plan9);;;all,software;;spdx;y
jabber-osl;Jabber Open Source License;;;all,software;;spdx;y
user-jsim;JSIM Software License;;;all,software;http://www.physiome.org/jsim/download/license.html;spdx;y
eurofound;Eurofound license;;;all; http://www.eurofound.europa.eu/legal-and-data-protection-notices ;spdx;y
cc-nc;Creative Commons Non-Commercial (Any);;;all;http://creativecommons.org/licenses/by-nc/2.0/;spdx;y
canada-crown;Canadian Crown Copyright;;;all;;spdx;y
bsd-license;BSD licenses (New and Simplified);;;all,software;http://www.opensource.org/licenses/bsd-license.php;spdx;y
ODC-PDDL-1.0;Open Data Commons Public Domain Dedication and Licence 1.0;;;all,data;http://www.opendefinition.org/licenses/odc-pddl;spdx;y
LO-FR-2.0;Open License 2.0;;;all,data;https://www.etalab.gouv.fr/licence-ouverte-open-licence;spdx;y
zenodo-freetoread-1.0;Free for private use; right holder retains other rights, including distribution;;;all,data;;spdx;y
Hippocratic-2.1;Hippocratic License 2.1;;;all;https://github.com/EthicalSource/hippocratic-license/blob/58c0e646d64ff6fbee275bfe2b9492f914e3ab2a/LICENSE.txt;spdx;y
HPND;Historical Permission Notice and Disclaimer;;;all;https://opensource.org/licenses/HPND;spdx;y
HPND-sell-variant;Historical Permission Notice and Disclaimer - sell variant;;;all;https://git.kernel.org/pub/scm/linux/kernel/git/torvalds/linux.git/tree/net/sunrpc/auth_gss/gss_generic_token.c?h=v4.19;spdx;y
HTMLTIDY;HTML Tidy License;;;all;https://github.com/htacg/tidy-html5/blob/next/README/LICENSE.md;spdx;y
IBM-pibs;IBM PowerPC Initialization and Boot Software;;;all;http://git.denx.de/?p=u-boot.git;a=blob;f=arch/powerpc/cpu/ppc4xx/miiphy.c;h=297155fdafa064b955e53e9832de93bfb0cfb85b;hb=9fab4bf4cc077c21e43941866f3f2c196f28670d;spdx;y
ICU;ICU License;;;all;http://source.icu-project.org/repos/icu/icu/trunk/license.html;spdx;y
IJG;Independent JPEG Group License;;;all;http://dev.w3.org/cvsweb/Amaya/libjpeg/Attic/README?rev=1.2;spdx;y
ImageMagick;ImageMagick License;;;all;http://www.imagemagick.org/script/license.php;spdx;y
iMatix;iMatix Standard Function Library Agreement;;;all;http://legacy.imatix.com/html/sfl/sfl4.htm#license;spdx;y
Imlib2;Imlib2 License;;;all;https://git.enlightenment.org/legacy/imlib2.git/tree/COPYING;spdx;y
Info-ZIP;Info-ZIP License;;;all;http://www.info-zip.org/license.html;spdx;y
Intel-ACPI;Intel ACPI Software License Agreement;;;all;https://fedoraproject.org/wiki/Licensing/Intel_ACPI_Software_License_Agreement;spdx;y
Intel;Intel Open Source License;;;all;https://opensource.org/licenses/Intel;spdx;y
Interbase-1.0;Interbase Public License v1.0;;;all;https://web.archive.org/web/20060319014854/http://info.borland.com/devsupport/interbase/opensource/IPL.html;spdx;y
IPA;IPA Font License;;;all;https://opensource.org/licenses/IPA;spdx;y
IPL-1.0;IBM Public License v1.0;;;all;https://opensource.org/licenses/IPL-1.0;spdx;y
ISC;ISC License;;;all;https://opensource.org/licenses/ISC;spdx;y
JasPer-2.0;JasPer License;;;all;http://www.ece.uvic.ca/~mdadams/jasper/LICENSE;spdx;y
JPNIC;Japan Network Information Center License;;;all;https://gitlab.isc.org/isc-projects/bind9/blob/master/COPYRIGHT#L366;spdx;y
JSON;JSON License;;;all;http://www.json.org/license.html;spdx;y
LAL-1.2;Licence Art Libre 1.2;;;all;http://artlibre.org/licence/lal/licence-art-libre-12/;spdx;y
LAL-1.3;Licence Art Libre 1.3;;;all;https://artlibre.org/;spdx;y
Latex2e;Latex2e License;;;all;https://fedoraproject.org/wiki/Licensing/Latex2e;spdx;y
Leptonica;Leptonica License;;;all;https://fedoraproject.org/wiki/Licensing/Leptonica;spdx;y
LGPL-2.0;GNU Library General Public License v2 only;;;all;https://www.gnu.org/licenses/old-licenses/lgpl-2.0-standalone.html;spdx;y
LGPL-2.0+;GNU Library General Public License v2 or later;;;all;https://www.gnu.org/licenses/old-licenses/lgpl-2.0-standalone.html;spdx;y
LGPL-2.0-only;GNU Library General Public License v2 only;;;all;https://www.gnu.org/licenses/old-licenses/lgpl-2.0-standalone.html;spdx;y
LGPL-2.0-or-later;GNU Library General Public License v2 or later;;;all;https://www.gnu.org/licenses/old-licenses/lgpl-2.0-standalone.html;spdx;y
LGPL-2.1;GNU Lesser General Public License v2.1 only;;;all;https://opensource.org/licenses/LGPL-2.1;spdx;y
LGPL-2.1+;GNU Library General Public License v2.1 or later;;;all;https://opensource.org/licenses/LGPL-2.1;spdx;y
LGPL-2.1-only;GNU Lesser General Public License v2.1 only;;;all;https://opensource.org/licenses/LGPL-2.1;spdx;y
LGPL-2.1-or-later;GNU Lesser General Public License v2.1 or later;;;all;https://opensource.org/licenses/LGPL-2.1;spdx;y
LGPL-3.0;GNU Lesser General Public License v3.0 only;;;all;https://opensource.org/licenses/LGPL-3.0;spdx;y
LGPL-3.0+;GNU Lesser General Public License v3.0 or later;;;all;https://opensource.org/licenses/LGPL-3.0;spdx;y
LGPL-3.0-only;GNU Lesser General Public License v3.0 only;;;all;https://opensource.org/licenses/LGPL-3.0;spdx;y
LGPL-3.0-or-later;GNU Lesser General Public License v3.0 or later;Permissions of this copyleft license are conditioned on making available complete source code of licensed works and modifications under the same license or the GNU GPLv3. Copyright and license notices must be preserved. Contributors provide an express grant of patent rights. However, a larger work using the licensed work through interfaces provided by the licensed work may be distributed under different terms and without source code for the larger work.;;all;https://opensource.org/licenses/LGPL-3.0;spdx;y
LGPLLR;Lesser General Public License For Linguistic Resources;;;all;http://www-igm.univ-mlv.fr/~unitex/lgpllr.html;spdx;y
Libpng;libpng License;;;all;http://www.libpng.org/pub/png/src/libpng-LICENSE.txt;spdx;y
libpng-2.0;PNG Reference Library version 2;;;all;http://www.libpng.org/pub/png/src/libpng-LICENSE.txt;spdx;y
libselinux-1.0;libselinux public domain notice;;;all;https://github.com/SELinuxProject/selinux/blob/master/libselinux/LICENSE;spdx;y
libtiff;libtiff License;;;all;https://fedoraproject.org/wiki/Licensing/libtiff;spdx;y
LiLiQ-P-1.1;Licence Libre du Québec – Permissive version 1.1;;;all;http://opensource.org/licenses/LiLiQ-P-1.1;spdx;y
LiLiQ-R-1.1;Licence Libre du Québec – Réciprocité version 1.1;;;all;http://opensource.org/licenses/LiLiQ-R-1.1;spdx;y
LiLiQ-Rplus-1.1;Licence Libre du Québec – Réciprocité forte version 1.1;;;all;http://opensource.org/licenses/LiLiQ-Rplus-1.1;spdx;y
Linux-OpenIB;Linux Kernel Variant of OpenIB.org license;;;all;https://git.kernel.org/pub/scm/linux/kernel/git/torvalds/linux.git/tree/drivers/infiniband/core/sa.h;spdx;y
localauth-withrights;Local Authority Copyright with data.gov.uk rights;;;all;;spdx;y
LPL-1.0;Lucent Public License Version 1.0;;;all;https://opensource.org/licenses/LPL-1.0;spdx;y
LPPL-1.0;LaTeX Project Public License v1.0;;;all;http://www.latex-project.org/lppl/lppl-1-0.txt;spdx;y
LPPL-1.1;LaTeX Project Public License v1.1;;;all;http://www.latex-project.org/lppl/lppl-1-1.txt;spdx;y
LPPL-1.2;LaTeX Project Public License v1.2;;;all;http://www.latex-project.org/lppl/lppl-1-2.txt;spdx;y
LPPL-1.3a;LaTeX Project Public License v1.3a;;;all;http://www.latex-project.org/lppl/lppl-1-3a.txt;spdx;y
LPPL-1.3c;LaTeX Project Public License v1.3c;;;all;https://opensource.org/licenses/LPPL-1.3c;spdx;y
LPL-1.02;Lucent Public License v1.02;;;all;https://opensource.org/licenses/LPL-1.02;spdx;y
MakeIndex;MakeIndex License;;;all;https://fedoraproject.org/wiki/Licensing/MakeIndex;spdx;y
met-office-cp;Met Office UK Climate Projections Licence Agreement;;;all;https://www.metoffice.gov.uk/climatechange/science/monitoring/ukcp09/UKCIP08_license_agreement_130709.pdf;spdx;y
MirOS;The MirOS Licence;;;all;https://opensource.org/licenses/MirOS;spdx;y
MIT-0;MIT No Attribution;;;all;https://github.com/awsdocs/aws-cloud9-user-guide/blob/master/LICENSE-SAMPLECODE;spdx;y
MIT-advertising;Enlightenment License (e16);;;all;https://fedoraproject.org/wiki/Licensing/MIT_With_Advertising;spdx;y
MIT-CMU;CMU License;;;all;https://github.com/python-pillow/Pillow/blob/fffb426092c8db24a5f4b6df243a8a3c01fb63cd/LICENSE;spdx;y
MIT-enna;enna License;;;all;https://fedoraproject.org/wiki/Licensing/MIT#enna;spdx;y
MIT-feh;feh License;;;all;https://fedoraproject.org/wiki/Licensing/MIT#feh;spdx;y
MIT;MIT License;A short and simple permissive license with conditions only requiring preservation of copyright and license notices. Licensed works, modifications, and larger works may be distributed under different terms and without source code.;;recommended,all,software;https://opensource.org/licenses/MIT;spdx;y
MIT-Modern-Variant;MIT License Modern Variant;;;all;https://pirlwww.lpl.arizona.edu/resources/guide/software/PerlTk/Tixlic.html;spdx;y
MITNFA;MIT +no-false-attribs license;;;all;https://fedoraproject.org/wiki/Licensing/MITNFA;spdx;y
MIT-open-group;MIT Open Group variant;;;all;https://gitlab.freedesktop.org/xorg/app/xauth/-/blob/master/COPYING;spdx;y
mitre;MITRE Collaborative Virtual Workspace License (CVW License);;;all,software;https://opensource.org/licenses/CVW;spdx;y
Motosoto;Motosoto License;;;all;https://opensource.org/licenses/Motosoto;spdx;y
mpich2;mpich2 License;;;all;https://fedoraproject.org/wiki/Licensing/MIT;spdx;y
MPL-1.0;Mozilla Public License 1.0;;;all;https://opensource.org/licenses/MPL-1.0;spdx;y
MPL-1.1;Mozilla Public License 1.1;;;all;https://opensource.org/licenses/MPL-1.1;spdx;y
MPL-2.0;Mozilla Public License 2.0;;;all;https://opensource.org/licenses/MPL-2.0;spdx;y
MPL-2.0-no-copyleft-exception;Mozilla Public License 2.0 (no copyleft exception);;;all;https://opensource.org/licenses/MPL-2.0;spdx;y
MS-PL;Microsoft Public License;;;all;https://opensource.org/licenses/MS-PL;spdx;y
MS-RL;Microsoft Reciprocal License;;;all;https://opensource.org/licenses/MS-RL;spdx;y
MTLL;Matrix Template Library License;;;all;https://fedoraproject.org/wiki/Licensing/Matrix_Template_Library_License;spdx;y
MulanPSL-1.0;Mulan Permissive Software License, Version 1;;;all;https://github.com/yuwenlong/longphp/blob/25dfb70cc2a466dc4bb55ba30901cbce08d164b5/LICENSE;spdx;y
MulanPSL-2.0;Mulan Permissive Software License, Version 2;;;all;https://license.coscl.org.cn/MulanPSL2/;spdx;y
Multics;Multics License;;;all;https://opensource.org/licenses/Multics;spdx;y
Mup;Mup License;;;all;https://fedoraproject.org/wiki/Licensing/Mup;spdx;y
NAIST-2003;Nara Institute of Science and Technology License (2003);;;all;https://github.com/nodejs/node/blob/4a19cc8947b1bba2b2d27816ec3d0edf9b28e503/LICENSE#L343;spdx;y
NASA-1.3;NASA Open Source Agreement 1.3;;;all;https://opensource.org/licenses/NASA-1.3;spdx;y
Naumen;Naumen Public License;;;all;https://opensource.org/licenses/Naumen;spdx;y
NBPL-1.0;Net Boolean Public License v1;;;all;http://www.openldap.org/devel/gitweb.cgi?p=openldap.git;a=blob;f=LICENSE;hb=37b4b3f6cc4bf34e1d3dec61e69914b9819d8894;spdx;y
NCGL-UK-2.0;Non-Commercial Government Licence;;;all;http://www.nationalarchives.gov.uk/doc/non-commercial-government-licence/version/2/;spdx;y
NetCDF;NetCDF license;;;all;http://www.unidata.ucar.edu/software/netcdf/copyright.html;spdx;y
Net-SNMP;Net-SNMP License;;;all;http://net-snmp.sourceforge.net/about/license.html;spdx;y
Newsletr;Newsletr License;;;all;https://fedoraproject.org/wiki/Licensing/Newsletr;spdx;y
NGPL;Nethack General Public License;;;all;https://opensource.org/licenses/NGPL;spdx;y
NIST-PD;NIST Public Domain Notice;;;all;https://github.com/tcheneau/Routing/blob/f09f46fcfe636107f22f2c98348188a65a135d98/README.md;spdx;y
NIST-PD-fallback;NIST Public Domain Notice with license fallback;;;all;https://github.com/usnistgov/fipy/blob/86aaa5c2ba2c6f1be19593c5986071cf6568cc34/LICENSE.rst;spdx;y
NLOD-1.0;Norwegian Licence for Open Government Data (NLOD) 1.0;;;all;http://data.norge.no/nlod/en/1.0;spdx;y
NLOD-2.0;Norwegian Licence for Open Government Data (NLOD) 2.0;;;all;http://data.norge.no/nlod/en/2.0;spdx;y
NLPL;No Limit Public License;;;all;https://fedoraproject.org/wiki/Licensing/NLPL;spdx;y
Nokia;Nokia Open Source License;;;all;https://opensource.org/licenses/nokia;spdx;y
NOSL;Netizen Open Source License;;;all;http://bits.netizen.com.au/licenses/NOSL/nosl.txt;spdx;y
notspecified;License Not Specified;;;all;;spdx;y
Noweb;Noweb License;;;all;https://fedoraproject.org/wiki/Licensing/Noweb;spdx;y
NPL-1.0;Netscape Public License v1.0;;;all;http://www.mozilla.org/MPL/NPL/1.0/;spdx;y
NPL-1.1;Netscape Public License v1.1;;;all;http://www.mozilla.org/MPL/NPL/1.1/;spdx;y
NPOSL-3.0;Non-Profit Open Software License 3.0;;;all;https://opensource.org/licenses/NOSL3.0;spdx;y
NRL;NRL License;;;all;http://web.mit.edu/network/isakmp/nrllicense.html;spdx;y
NTP-0;NTP No Attribution;;;all;https://github.com/tytso/e2fsprogs/blob/master/lib/et/et_name.c;spdx;y
NTP;NTP License;;;all;https://opensource.org/licenses/NTP;spdx;y
Nunit;Nunit License;;;all;https://fedoraproject.org/wiki/Licensing/Nunit;spdx;y
OCCT-PL;Open CASCADE Technology Public License;;;all;http://www.opencascade.com/content/occt-public-license;spdx;y
OCLC-2.0;OCLC Research Public License 2.0;;;all;https://opensource.org/licenses/OCLC-2.0;spdx;y
ODC-By-1.0;Open Data Commons Attribution License v1.0;;;all;https://opendatacommons.org/licenses/by/1.0/;spdx;y
ODbL-1.0;Open Data Commons Open Database License v1.0;;;all;https://opendatacommons.org/licenses/odbl/1-0/;spdx;y
OFL-1.0;SIL Open Font License 1.0;;;all;http://scripts.sil.org/cms/scripts/page.php?item_id=OFL10_web;spdx;y
OFL-1.0-no-RFN;SIL Open Font License 1.0 with no Reserved Font Name;;;all;http://scripts.sil.org/cms/scripts/page.php?item_id=OFL10_web;spdx;y
OFL-1.0-RFN;SIL Open Font License 1.0 with Reserved Font Name;;;all;http://scripts.sil.org/cms/scripts/page.php?item_id=OFL10_web;spdx;y
OFL-1.1-no-RFN;SIL Open Font License 1.1 with no Reserved Font Name;;;all;https://opensource.org/licenses/OFL-1.1;spdx;y
OFL-1.1-RFN;SIL Open Font License 1.1 with Reserved Font Name;;;all;https://opensource.org/licenses/OFL-1.1;spdx;y
OGC-1.0;OGC Software License, Version 1.0;;;all;https://www.ogc.org/ogc/software/1.0;spdx;y
OGDL-Taiwan-1.0;Taiwan Open Government Data License, version 1.0;;;all;https://data.gov.tw/license;spdx;y
OGL-Canada-2.0;Open Government Licence - Canada;;;all;https://open.canada.ca/en/open-government-licence-canada;spdx;y
OGL-UK-2.0;Open Government Licence v2.0;;;all;http://www.nationalarchives.gov.uk/doc/open-government-licence/version/2/;spdx;y
OGL-UK-3.0;Open Government Licence v3.0;;;all;http://www.nationalarchives.gov.uk/doc/open-government-licence/version/3/;spdx;y
OLDAP-1.1;Open LDAP Public License v1.1;;;all;http://www.openldap.org/devel/gitweb.cgi?p=openldap.git;a=blob;f=LICENSE;hb=806557a5ad59804ef3a44d5abfbe91d706b0791f;spdx;y
OLDAP-1.2;Open LDAP Public License v1.2;;;all;http://www.openldap.org/devel/gitweb.cgi?p=openldap.git;a=blob;f=LICENSE;hb=42b0383c50c299977b5893ee695cf4e486fb0dc7;spdx;y
OLDAP-1.3;Open LDAP Public License v1.3;;;all;http://www.openldap.org/devel/gitweb.cgi?p=openldap.git;a=blob;f=LICENSE;hb=e5f8117f0ce088d0bd7a8e18ddf37eaa40eb09b1;spdx;y
OLDAP-1.4;Open LDAP Public License v1.4;;;all;http://www.openldap.org/devel/gitweb.cgi?p=openldap.git;a=blob;f=LICENSE;hb=c9f95c2f3f2ffb5e0ae55fe7388af75547660941;spdx;y
OLDAP-2.0;Open LDAP Public License v2.0 (or possibly 2.0A and 2.0B);;;all;http://www.openldap.org/devel/gitweb.cgi?p=openldap.git;a=blob;f=LICENSE;hb=cbf50f4e1185a21abd4c0a54d3f4341fe28f36ea;spdx;y
OLDAP-2.0.1;Open LDAP Public License v2.0.1;;;all;http://www.openldap.org/devel/gitweb.cgi?p=openldap.git;a=blob;f=LICENSE;hb=b6d68acd14e51ca3aab4428bf26522aa74873f0e;spdx;y
OLDAP-2.1;Open LDAP Public License v2.1;;;all;http://www.openldap.org/devel/gitweb.cgi?p=openldap.git;a=blob;f=LICENSE;hb=b0d176738e96a0d3b9f85cb51e140a86f21be715;spdx;y
OLDAP-2.2;Open LDAP Public License v2.2;;;all;http://www.openldap.org/devel/gitweb.cgi?p=openldap.git;a=blob;f=LICENSE;hb=470b0c18ec67621c85881b2733057fecf4a1acc3;spdx;y
OLDAP-2.2.1;Open LDAP Public License v2.2.1;;;all;http://www.openldap.org/devel/gitweb.cgi?p=openldap.git;a=blob;f=LICENSE;hb=4bc786f34b50aa301be6f5600f58a980070f481e;spdx;y
OLDAP-2.2.2;Open LDAP Public License 2.2.2;;;all;http://www.openldap.org/devel/gitweb.cgi?p=openldap.git;a=blob;f=LICENSE;hb=df2cc1e21eb7c160695f5b7cffd6296c151ba188;spdx;y
OLDAP-2.3;Open LDAP Public License v2.3;;;all;http://www.openldap.org/devel/gitweb.cgi?p=openldap.git;a=blob;f=LICENSE;hb=d32cf54a32d581ab475d23c810b0a7fbaf8d63c3;spdx;y
OLDAP-2.4;Open LDAP Public License v2.4;;;all;http://www.openldap.org/devel/gitweb.cgi?p=openldap.git;a=blob;f=LICENSE;hb=cd1284c4a91a8a380d904eee68d1583f989ed386;spdx;y
OLDAP-2.5;Open LDAP Public License v2.5;;;all;http://www.openldap.org/devel/gitweb.cgi?p=openldap.git;a=blob;f=LICENSE;hb=6852b9d90022e8593c98205413380536b1b5a7cf;spdx;y
OLDAP-2.6;Open LDAP Public License v2.6;;;all;http://www.openldap.org/devel/gitweb.cgi?p=openldap.git;a=blob;f=LICENSE;hb=1cae062821881f41b73012ba816434897abf4205;spdx;y
OLDAP-2.7;Open LDAP Public License v2.7;;;all;http://www.openldap.org/devel/gitweb.cgi?p=openldap.git;a=blob;f=LICENSE;hb=47c2415c1df81556eeb39be6cad458ef87c534a2;spdx;y
OLDAP-2.8;Open LDAP Public License v2.8;;;all;http://www.openldap.org/software/release/license.html;spdx;y
OML;Open Market License;;;all;https://fedoraproject.org/wiki/Licensing/Open_Market_License;spdx;y
OFL-1.1;SIL Open Font License 1.1;;;all;https://opensource.org/licenses/OFL-1.1;spdx;y
OGTSL;Open Group Test Suite License;;;all;https://opensource.org/licenses/OGTSL;spdx;y
OpenSSL;OpenSSL License;;;all;http://www.openssl.org/source/license.html;spdx;y
OPL-1.0;Open Public License v1.0;;;all;https://fedoraproject.org/wiki/Licensing/Open_Public_License;spdx;y
OPUBL-1.0;Open Publication License v1.0;;;all;https://www.ctan.org/license/opl;spdx;y
OSET-PL-2.1;OSET Public License version 2.1;;;all;https://opensource.org/licenses/OPL-2.1;spdx;y
OSL-1.0;Open Software License 1.0;;;all;https://opensource.org/licenses/OSL-1.0;spdx;y
OSL-1.1;Open Software License 1.1;;;all;https://fedoraproject.org/wiki/Licensing/OSL1.1;spdx;y
OSL-2.0;Open Software License 2.0;;;all;http://web.archive.org/web/20041020171434/http://www.rosenlaw.com/osl2.0.html;spdx;y
OSL-2.1;Open Software License 2.1;;;all;https://opensource.org/licenses/OSL-2.1;spdx;y
OSL-3.0;Open Software License 3.0;;;all;https://opensource.org/licenses/OSL-3.0;spdx;y
other-at;Other (Attribution);;;all;;spdx;y
other-closed;Other (Not Open);;;all;;spdx;y
other-nc;Other (Non-Commercial);;;all;;spdx;y
other-open;Other (Open);;;all;;spdx;y
other-pd;Other (Public Domain);;;all;;spdx;y
O-UDA-1.0;Open Use of Data Agreement v1.0;;;all;https://cdla.dev/open-use-of-data-agreement-v1-0/;spdx;y
Parity-6.0.0;The Parity Public License 6.0.0;;;all;https://paritylicense.com/versions/6.0.0.html;spdx;y
Parity-7.0.0;The Parity Public License 7.0.0;;;all;https://paritylicense.com/versions/7.0.0.html;spdx;y
PDDL-1.0;Open Data Commons Public Domain Dedication & License 1.0;;;all;https://opendatacommons.org/licenses/pddl/;spdx;y
PHP-3.0;PHP License v3.0;;;all;https://opensource.org/licenses/PHP-3.0;spdx;y
PHP-3.01;PHP License v3.01;;;all;http://www.php.net/license/3_01.txt;spdx;y
Plexus;Plexus Classworlds License;;;all;https://fedoraproject.org/wiki/Licensing/Plexus_Classworlds_License;spdx;y
PolyForm-Noncommercial-1.0.0;PolyForm Noncommercial License 1.0.0;;;all;https://polyformproject.org/licenses/noncommercial/1.0.0;spdx;y
PolyForm-Small-Business-1.0.0;PolyForm Small Business License 1.0.0;;;all;https://polyformproject.org/licenses/small-business/1.0.0;spdx;y
PostgreSQL;PostgreSQL License;;;all;https://opensource.org/licenses/PostgreSQL;spdx;y
PSF-2.0;Python Software Foundation License 2.0;;;all;https://opensource.org/licenses/Python-2.0;spdx;y
psfrag;psfrag License;;;all;https://fedoraproject.org/wiki/Licensing/psfrag;spdx;y
psutils;psutils License;;;all;https://fedoraproject.org/wiki/Licensing/psutils;spdx;y
CNRI-Python;CNRI Python License;;;all;https://opensource.org/licenses/CNRI-Python;spdx;y
Python-2.0;Python License 2.0;;;all;https://opensource.org/licenses/Python-2.0;spdx;y
Qhull;Qhull License;;;all;https://fedoraproject.org/wiki/Licensing/Qhull;spdx;y
QPL-1.0;Q Public License 1.0;;;all;https://opensource.org/licenses/QPL-1.0;spdx;y
Rdisc;Rdisc License;;;all;https://fedoraproject.org/wiki/Licensing/Rdisc_License;spdx;y
RHeCos-1.1;Red Hat eCos Public License v1.1;;;all;http://ecos.sourceware.org/old-license.html;spdx;y
RPL-1.1;Reciprocal Public License 1.1;;;all;https://opensource.org/licenses/RPL-1.1;spdx;y
RPL-1.5;Reciprocal Public License 1.5;;;all;https://opensource.org/licenses/RPL-1.5;spdx;y
RPSL-1.0;RealNetworks Public Source License v1.0;;;all;https://opensource.org/licenses/RPSL-1.0;spdx;y
RSA-MD;RSA Message-Digest License;;;all;http://www.faqs.org/rfcs/rfc1321.html;spdx;y
RSCPL;Ricoh Source Code Public License;;;all;https://opensource.org/licenses/RSCPL;spdx;y
Ruby;Ruby License;;;all;http://www.ruby-lang.org/en/LICENSE.txt;spdx;y
Saxpath;Saxpath License;;;all;https://fedoraproject.org/wiki/Licensing/Saxpath_License;spdx;y
SAX-PD;Sax Public Domain Notice;;;all;http://www.saxproject.org/copying.html;spdx;y
SCEA;SCEA Shared Source License;;;all;http://research.scea.com/scea_shared_source_license.html;spdx;y
Sendmail;Sendmail License;;;all;https://web.archive.org/web/20160322142305/https://www.sendmail.com/pdfs/open_source/sendmail_license.pdf;spdx;y
Sendmail-8.23;Sendmail License 8.23;;;all;https://web.archive.org/web/20181003101040/https://www.proofpoint.com/sites/default/files/sendmail-license.pdf;spdx;y
SGI-B-1.0;SGI Free Software License B v1.0;;;all;http://oss.sgi.com/projects/FreeB/SGIFreeSWLicB.1.0.html;spdx;y
SGI-B-1.1;SGI Free Software License B v1.1;;;all;http://oss.sgi.com/projects/FreeB/;spdx;y
SGI-B-2.0;SGI Free Software License B v2.0;;;all;http://oss.sgi.com/projects/FreeB/SGIFreeSWLicB.2.0.pdf;spdx;y
SHL-0.5;Solderpad Hardware License v0.5;;;all;https://solderpad.org/licenses/SHL-0.5/;spdx;y
SHL-0.51;Solderpad Hardware License, Version 0.51;;;all;https://solderpad.org/licenses/SHL-0.51/;spdx;y
SimPL-2.0;Simple Public License 2.0;;;all;https://opensource.org/licenses/SimPL-2.0;spdx;y
SISSL-1.2;Sun Industry Standards Source License v1.2;;;all;http://gridscheduler.sourceforge.net/Gridengine_SISSL_license.html;spdx;y
Sleepycat;Sleepycat License;;;all;https://opensource.org/licenses/Sleepycat;spdx;y
SMLNJ;Standard ML of New Jersey License;;;all;https://www.smlnj.org/license.html;spdx;y
SMPPL;Secure Messaging Protocol Public License;;;all;https://github.com/dcblake/SMP/blob/master/Documentation/License.txt;spdx;y
SNIA;SNIA Public License 1.1;;;all;https://fedoraproject.org/wiki/Licensing/SNIA_Public_License;spdx;y
Spencer-86;Spencer License 86;;;all;https://fedoraproject.org/wiki/Licensing/Henry_Spencer_Reg-Ex_Library_License;spdx;y
Spencer-94;Spencer License 94;;;all;https://fedoraproject.org/wiki/Licensing/Henry_Spencer_Reg-Ex_Library_License;spdx;y
Spencer-99;Spencer License 99;;;all;http://www.opensource.apple.com/source/tcl/tcl-5/tcl/generic/regfronts.c;spdx;y
SSH-OpenSSH;SSH OpenSSH license;;;all;https://github.com/openssh/openssh-portable/blob/1b11ea7c58cd5c59838b5fa574cd456d6047b2d4/LICENCE#L10;spdx;y
SSH-short;SSH short notice;;;all;https://joinup.ec.europa.eu/svn/lesoll/trunk/italc/lib/src/dsa_key.cpp;spdx;y
SSPL-1.0;Server Side Public License, v 1;;;all;https://www.mongodb.com/licensing/server-side-public-license;spdx;y
StandardML-NJ;Standard ML of New Jersey License;;;all;http://www.smlnj.org//license.html;spdx;y
SugarCRM-1.1.3;SugarCRM Public License v1.1.3;;;all;http://www.sugarcrm.com/crm/SPL;spdx;y
SISSL;Sun Industry Standards Source License v1.1;;;all;https://opensource.org/licenses/SISSL;spdx;y
SPL-1.0;Sun Public License v1.0;;;all;https://opensource.org/licenses/SPL-1.0;spdx;y
SWL;Scheme Widget Library (SWL) Software License Agreement;;;all;https://fedoraproject.org/wiki/Licensing/SWL;spdx;y
TAPR-OHL-1.0;TAPR Open Hardware License v1.0;;;all;https://www.tapr.org/OHL;spdx;y
TCL;TCL/TK License;;;all;https://fedoraproject.org/wiki/Licensing/TCL;spdx;y
TCP-wrappers;TCP Wrappers License;;;all;http://rc.quest.com/topics/openssh/license.php#tcpwrappers;spdx;y
TMate;TMate Open Source License;;;all;http://svnkit.com/license.html;spdx;y
TORQUE-1.1;TORQUE v2.5+ Software License v1.1;;;all;https://fedoraproject.org/wiki/Licensing/TORQUEv1.1;spdx;y
TOSL;Trusster Open Source License;;;all;https://fedoraproject.org/wiki/Licensing/TOSL;spdx;y
TU-Berlin-1.0;Technische Universitaet Berlin License 1.0;;;all;https://github.com/swh/ladspa/blob/7bf6f3799fdba70fda297c2d8fd9f526803d9680/gsm/COPYRIGHT;spdx;y
TU-Berlin-2.0;Technische Universitaet Berlin License 2.0;;;all;https://github.com/CorsixTH/deps/blob/fd339a9f526d1d9c9f01ccf39e438a015da50035/licences/libgsm.txt;spdx;y
UCL-1.0;Upstream Compatibility License v1.0;;;all;https://opensource.org/licenses/UCL-1.0;spdx;y
ukclickusepsi;UK Click Use PSI;;;all;;spdx;y
ukcrown;UK Crown Copyright;;;all;;spdx;y
ukcrown-withrights;UK Crown Copyright with data.gov.uk rights;;;all;;spdx;y
OGL-UK-1.0;Open Government Licence v1.0;;;all;http://www.nationalarchives.gov.uk/doc/open-government-licence/version/1/;spdx;y
ukpsi;UK PSI Public Sector Information;;;all;https://opendefinition.org/licenses/ukpsi;spdx;y
Unicode-DFS-2015;Unicode License Agreement - Data Files and Software (2015);;;all;https://web.archive.org/web/20151224134844/http://unicode.org/copyright.html;spdx;y
Unicode-DFS-2016;Unicode License Agreement - Data Files and Software (2016);;;all;http://www.unicode.org/copyright.html;spdx;y
Unicode-TOU;Unicode Terms of Use;;;all;http://www.unicode.org/copyright.html;spdx;y
Unlicense;The Unlicense;;;all;https://unlicense.org/;spdx;y
NCSA;University of Illinois/NCSA Open Source License;;;all;https://opensource.org/licenses/NCSA;spdx;y
UPL-1.0;Universal Permissive License v1.0;;;all;https://opensource.org/licenses/UPL;spdx;y
EFL-2.0;Eiffel Forum License v2.0;;;all;https://opensource.org/licenses/EFL-2.0;spdx;y
Vim;Vim License;;;all;http://vimdoc.sourceforge.net/htmldoc/uganda.html;spdx;y
VOSTROM;VOSTROM Public License for Open Source;;;all;https://fedoraproject.org/wiki/Licensing/VOSTROM;spdx;y
VSL-1.0;Vovida Software License v1.0;;;all;https://opensource.org/licenses/VSL-1.0;spdx;y
W3C;W3C Software Notice and License (2002-12-31);;;all;https://opensource.org/licenses/W3C;spdx;y
W3C-19980720;W3C Software Notice and License (1998-07-20);;;all;http://www.w3.org/Consortium/Legal/copyright-software-19980720.html;spdx;y
W3C-20150513;W3C Software Notice and Document License (2015-05-13);;;all;https://www.w3.org/Consortium/Legal/2015/copyright-software-and-document;spdx;y
Watcom-1.0;Sybase Open Watcom Public License 1.0;;;all;https://opensource.org/licenses/Watcom-1.0;spdx;y
Wsuipa;Wsuipa License;;;all;https://fedoraproject.org/wiki/Licensing/Wsuipa;spdx;y
WTFPL;Do What The F*ck You Want To Public License;;;all;http://sam.zoy.org/wtfpl/COPYING;spdx;y
wxWindows;wxWindows Library License;;;all;https://opensource.org/licenses/WXwindows;spdx;y
X11;X11 License;;;all;http://www.xfree86.org/3.3.6/COPYRIGHT2.html#3;spdx;y
Xerox;Xerox License;;;all;https://fedoraproject.org/wiki/Licensing/Xerox;spdx;y
XFree86-1.1;XFree86 License 1.1;;;all;http://www.xfree86.org/current/LICENSE4.html;spdx;y
xinetd;xinetd License;;;all;https://fedoraproject.org/wiki/Licensing/Xinetd_License;spdx;y
Xnet;X.Net License;;;all;https://opensource.org/licenses/Xnet;spdx;y
xpp;XPP License;;;all;https://fedoraproject.org/wiki/Licensing/xpp;spdx;y
XSkat;XSkat License;;;all;https://fedoraproject.org/wiki/Licensing/XSkat_License;spdx;y
YPL-1.0;Yahoo! Public License v1.0;;;all;http://www.zimbra.com/license/yahoo_public_license_1.0.html;spdx;y
YPL-1.1;Yahoo! Public License v1.1;;;all;http://www.zimbra.com/license/yahoo_public_license_1.1.html;spdx;y
Zed;Zed License;;;all;https://fedoraproject.org/wiki/Licensing/Zed;spdx;y
Zend-2.0;Zend License v2.0;;;all;https://web.archive.org/web/20130517195954/http://www.zend.com/license/2_00.txt;spdx;y
Zimbra-1.3;Zimbra Public License v1.3;;;all;http://web.archive.org/web/20100302225219/http://www.zimbra.com/license/zimbra-public-license-1-3.html;spdx;y
Zimbra-1.4;Zimbra Public License v1.4;;;all;http://www.zimbra.com/legal/zimbra-public-license-1-4;spdx;y
zlib-acknowledgement;zlib/libpng License with Acknowledgement;;;all;https://fedoraproject.org/wiki/Licensing/ZlibWithAcknowledgement;spdx;y
Zlib;zlib License;;;all;https://opensource.org/licenses/Zlib;spdx;y
ZPL-1.1;Zope Public License 1.1;;;all;http://old.zope.org/Resources/License/ZPL-1.1;spdx;y
ZPL-2.0;Zope Public License 2.0;;;all;https://opensource.org/licenses/ZPL-2.0;spdx;y
ZPL-2.1;Zope Public License 2.1;;;all;http://old.zope.org/Resources/ZPL/;spdx;y
